// Date,Bullish,Neutral,Bearish
2016 January 28:	29.75%	30.28%	39.96%
2016 January 21:	21.52%	29.77%	48.71%
2016 January 14:	17.90%	36.58%	45.53%
2016 January 7,22.17%,39.57%,38.26%
2015 December 31,25.07%,51.31%,23.62%
12-24-2015,26.38%,42.13%,31.49%
12-17-2015,23.87%,36.75%,39.38%
12-10-2015,28.51%,41.61%,29.89%
12-03-2015,29.49%,49.31%,21.20%
11-26-2015,32.36%,41.61%,26.03%
11-19-2015,30.77%,38.68%,30.55%
11-12-2015,34.27%,42.72%,23.00%
11-05-2015,39.00%,42.40%,18.60%
10-22-2015,34.77%,41.21%,24.02%
10-29-2015,40.39%,39.02%,20.59%
10-15-2015,34.08%,38.78%,27.14%
10-08-2015,37.52%,34.29%,28.19%
10-01-2015,28.11%,31.98%,39.92%
09-24-2015,32.12%,39.19%,28.69%
09-17-2015,33.26%,37.60%,29.13%
09-10-2015,34.65%,30.34%,35.01%
09-03-2015,32.38%,35.94%,31.67%
08-06-2015,24.32%,44.03%,31.66%
08-13-2015,30.45%,33.40%,36.15%
08-20-2015,26.82%,39.85%,33.33%
08-27-2015,32.50%,29.23%,38.27%
07-2-2015,22.61%,42.30%,35.09%
07-9-2015,27.91%,42.92%,29.18%
07-16-2015,30.81%,45.95%,23.24%
07-23-2015,32.54%,41.87%,25.60%
07-30-2015,21.11%,38.19%,40.70%
06-4-2015,27.34%,48.03%,24.63%
06-11-2015,20.04%,47.38%,32.58%
06-18-2015,25.41%,40.29%,34.30%
06-25-2015,35.56%,42.78%,21.67%
05-28-2015,27.00%,47.86%,25.14%
07-24-1987,0.36,0.50,0.140
07-31-1987,0.26,0.48,0.260
08-07-1987,0.56,0.15,0.290
08-14-1987,0.45,0.35,0.200
08-21-1987,0.66,0.28,0.060
08-28-1987,0.52,0.18,0.300
09-04-1987,0.42,0.17,0.410
09-11-1987,0.50,0.23,0.270
09-18-1987,0.60,0.29,0.110
09-25-1987,0.53,0.17,0.300
10-02-1987,0.44,0.26,0.300
10-09-1987,0.46,0.39,0.150
10-16-1987,0.37,0.30,0.330
10-23-1987,0.39,0.30,0.310
10-30-1987,0.44,0.23,0.330
11-06-1987,0.47,0.31,0.220
11-13-1987,0.31,0.41,0.280
11-20-1987,0.39,0.42,0.190
11-27-1987,0.27,0.46,0.270
12-04-1987,0.25,0.33,0.420
12-11-1987,0.23,0.45,0.320
12-18-1987,0.33,0.40,0.270
12-24-1987,0.28,0.52,0.200
12-31-1987,0.25,0.49,0.260
01-08-1988,0.34,0.46,0.200
01-15-1988,0.34,0.40,0.260
01-22-1988,0.21,0.48,0.310
01-29-1988,0.26,0.45,0.290
02-05-1988,0.32,0.53,0.150
02-12-1988,0.32,0.46,0.220
02-19-1988,0.27,0.49,0.240
02-26-1988,0.30,0.51,0.190
03-04-1988,0.38,0.40,0.220
03-11-1988,0.43,0.40,0.170
03-18-1988,0.41,0.49,0.100
03-25-1988,0.45,0.38,0.170
04-01-1988,0.35,0.45,0.200
04-08-1988,0.33,0.48,0.190
04-15-1988,0.23,0.53,0.240
04-22-1988,0.23,0.57,0.200
04-29-1988,0.22,0.48,0.300
05-06-1988,0.38,0.42,0.200
05-13-1988,0.19,0.56,0.250
05-20-1988,0.23,0.52,0.250
05-27-1988,0.28,0.52,0.200
06-03-1988,0.26,0.62,0.120
06-10-1988,0.28,0.49,0.230
06-17-1988,0.29,0.50,0.210
06-24-1988,0.33,0.44,0.230
07-01-1988,0.45,0.38,0.170
07-08-1988,0.35,0.50,0.150
07-15-1988,0.26,0.37,0.370
07-22-1988,0.16,0.58,0.260
07-29-1988,0.23,0.54,0.230
08-05-1988,0.21,0.49,0.300
08-12-1988,0.26,0.48,0.260
08-19-1988,0.19,0.53,0.280
08-26-1988,0.28,0.40,0.320
09-02-1988,0.18,0.43,0.390
09-09-1988,0.17,0.52,0.310
09-16-1988,0.24,0.46,0.300
09-23-1988,0.20,0.53,0.270
09-30-1988,0.26,0.44,0.300
10-07-1988,0.13,0.49,0.380
10-14-1988,0.22,0.46,0.320
10-21-1988,0.26,0.51,0.230
10-28-1988,0.40,0.38,0.220
11-04-1988,0.35,0.46,0.190
11-11-1988,0.23,0.56,0.210
11-18-1988,0.30,0.34,0.360
11-25-1988,0.17,0.44,0.390
12-02-1988,0.19,0.47,0.340
12-09-1988,0.17,0.44,0.390
12-16-1988,0.24,0.54,0.220
12-23-1988,0.22,0.46,0.320
12-30-1988,0.24,0.54,0.220
01-06-1989,0.26,0.51,0.230
01-13-1989,0.36,0.44,0.200
01-20-1989,0.36,0.47,0.170
01-27-1989,0.32,0.49,0.190
02-03-1989,0.33,0.44,0.230
02-10-1989,0.43,0.31,0.260
02-17-1989,0.42,0.41,0.170
02-24-1989,0.29,0.45,0.260
03-03-1989,0.29,0.35,0.360
03-10-1989,0.13,0.52,0.350
03-17-1989,0.28,0.43,0.290
03-23-1989,0.29,0.41,0.300
03-31-1989,0.18,0.42,0.400
04-07-1989,0.23,0.45,0.320
04-14-1989,0.25,0.42,0.330
04-21-1989,0.21,0.51,0.280
04-28-1989,0.31,0.40,0.290
05-05-1989,0.30,0.40,0.300
05-12-1989,0.38,0.43,0.190
05-19-1989,0.43,0.38,0.190
05-26-1989,0.48,0.31,0.210
06-02-1989,0.42,0.27,0.310
06-09-1989,0.43,0.34,0.230
06-16-1989,0.32,0.37,0.310
06-23-1989,0.33,0.22,0.450
06-30-1989,0.40,0.34,0.260
07-07-1989,0.37,0.32,0.310
07-14-1989,0.22,0.30,0.480
07-21-1989,0.32,0.39,0.290
07-28-1989,0.41,0.25,0.340
08-04-1989,0.35,0.30,0.350
08-11-1989,0.53,0.21,0.260
08-18-1989,0.35,0.28,0.370
08-25-1989,0.45,0.24,0.310
09-01-1989,0.34,0.30,0.360
09-08-1989,0.30,0.30,0.400
09-15-1989,0.31,0.44,0.250
09-22-1989,0.24,0.37,0.390
09-29-1989,0.33,0.38,0.290
10-06-1989,0.24,0.43,0.330
10-13-1989,0.28,0.52,0.200
10-20-1989,0.39,0.28,0.330
10-27-1989,0.36,0.33,0.310
11-03-1989,0.37,0.31,0.320
11-10-1989,0.27,0.37,0.360
11-17-1989,0.24,0.28,0.480
11-22-1989,0.27,0.40,0.330
12-01-1989,0.28,0.40,0.320
12-08-1989,0.31,0.41,0.280
12-15-1989,0.42,0.30,0.280
12-22-1989,0.36,0.32,0.320
12-29-1989,0.35,0.31,0.340
01-05-1990,0.40,0.30,0.300
01-12-1990,0.45,0.38,0.170
01-19-1990,0.31,0.49,0.200
01-26-1990,0.24,0.38,0.380
02-02-1990,0.15,0.37,0.480
02-09-1990,0.19,0.30,0.510
02-16-1990,0.23,0.43,0.340
02-23-1990,0.24,0.38,0.380
03-02-1990,0.21,0.37,0.420
03-09-1990,0.22,0.42,0.360
03-16-1990,0.25,0.35,0.400
03-23-1990,0.37,0.39,0.240
03-30-1990,0.34,0.35,0.310
04-06-1990,0.38,0.37,0.250
04-12-1990,0.27,0.56,0.170
04-20-1990,0.34,0.43,0.230
04-27-1990,0.28,0.35,0.370
05-04-1990,0.20,0.35,0.450
05-11-1990,0.28,0.38,0.340
05-18-1990,0.37,0.35,0.280
05-25-1990,0.39,0.32,0.290
06-01-1990,0.37,0.28,0.350
06-08-1990,0.35,0.35,0.300
06-15-1990,0.43,0.32,0.250
06-22-1990,0.34,0.32,0.340
06-29-1990,0.31,0.31,0.380
07-06-1990,0.28,0.34,0.380
07-13-1990,0.40,0.30,0.300
07-20-1990,0.40,0.30,0.300
07-27-1990,0.52,0.24,0.240
08-03-1990,0.26,0.28,0.460
08-10-1990,0.25,0.21,0.540
08-17-1990,0.18,0.23,0.590
08-24-1990,0.25,0.24,0.510
08-31-1990,0.23,0.16,0.610
09-07-1990,0.33,0.18,0.490
09-14-1990,0.16,0.33,0.510
09-21-1990,0.13,0.31,0.560
09-28-1990,0.26,0.20,0.540
10-05-1990,0.15,0.26,0.590
10-12-1990,0.21,0.27,0.520
10-19-1990,0.13,0.20,0.670
10-26-1990,0.23,0.19,0.580
11-02-1990,0.20,0.36,0.440
11-09-1990,0.20,0.32,0.480
11-16-1990,0.12,0.33,0.550
11-21-1990,0.16,0.37,0.470
11-30-1990,0.22,0.33,0.450
12-07-1990,0.26,0.33,0.410
12-14-1990,0.31,0.31,0.380
12-21-1990,0.16,0.34,0.500
12-28-1990,0.30,0.30,0.400
01-04-1991,0.31,0.39,0.300
01-11-1991,0.22,0.30,0.480
01-18-1991,0.22,0.27,0.510
01-25-1991,0.25,0.25,0.500
02-01-1991,0.29,0.29,0.420
02-08-1991,0.36,0.28,0.360
02-15-1991,0.46,0.30,0.240
02-22-1991,0.57,0.20,0.230
03-01-1991,0.50,0.18,0.320
03-08-1991,0.50,0.21,0.290
03-15-1991,0.55,0.22,0.230
03-22-1991,0.42,0.31,0.270
03-29-1991,0.47,0.28,0.250
04-05-1991,0.58,0.22,0.200
04-12-1991,0.43,0.32,0.250
04-19-1991,0.39,0.39,0.220
04-26-1991,0.55,0.28,0.170
05-03-1991,0.39,0.33,0.280
05-10-1991,0.38,0.34,0.280
05-17-1991,0.42,0.32,0.260
05-24-1991,0.38,0.39,0.230
05-31-1991,0.42,0.35,0.230
06-07-1991,0.46,0.37,0.170
06-14-1991,0.47,0.31,0.220
06-21-1991,0.44,0.40,0.160
06-28-1991,0.28,0.37,0.350
07-03-1991,0.28,0.39,0.330
07-12-1991,0.41,0.39,0.200
07-19-1991,0.27,0.51,0.220
07-26-1991,0.35,0.42,0.230
08-02-1991,0.33,0.36,0.310
08-09-1991,0.26,0.45,0.290
08-16-1991,0.37,0.33,0.300
08-23-1991,0.32,0.36,0.320
08-30-1991,0.41,0.40,0.190
09-06-1991,0.36,0.31,0.330
09-13-1991,0.43,0.39,0.180
09-20-1991,0.32,0.48,0.200
09-27-1991,0.31,0.38,0.310
10-04-1991,0.35,0.30,0.350
10-11-1991,0.39,0.37,0.240
10-18-1991,0.30,0.31,0.390
10-25-1991,0.31,0.36,0.330
11-01-1991,0.52,0.12,0.360
11-08-1991,0.32,0.36,0.320
11-15-1991,0.38,0.33,0.290
11-22-1991,0.48,0.32,0.200
11-27-1991,0.33,0.27,0.400
12-06-1991,0.23,0.32,0.450
12-13-1991,0.33,0.36,0.310
12-20-1991,0.36,0.30,0.340
12-27-1991,0.39,0.29,0.320
01-03-1992,0.49,0.20,0.310
01-10-1992,0.48,0.27,0.250
01-17-1992,0.51,0.21,0.280
01-24-1992,0.46,0.25,0.290
01-31-1992,0.47,0.26,0.270
02-07-1992,0.36,0.39,0.250
02-14-1992,0.46,0.28,0.260
02-21-1992,0.47,0.25,0.280
02-28-1992,0.43,0.36,0.210
03-06-1992,0.45,0.29,0.260
03-13-1992,0.38,0.35,0.270
03-20-1992,0.48,0.29,0.230
03-27-1992,0.43,0.35,0.220
04-03-1992,0.35,0.42,0.230
04-10-1992,0.43,0.27,0.300
04-17-1992,0.37,0.38,0.250
04-24-1992,0.52,0.34,0.140
05-01-1992,0.29,0.36,0.350
05-08-1992,0.43,0.31,0.260
05-15-1992,0.40,0.37,0.230
05-22-1992,0.48,0.24,0.280
05-29-1992,0.41,0.43,0.160
06-05-1992,0.41,0.40,0.190
06-12-1992,0.31,0.46,0.230
06-19-1992,0.35,0.37,0.280
06-26-1992,0.39,0.34,0.270
07-02-1992,0.21,0.44,0.350
07-09-1992,0.23,0.42,0.350
07-17-1992,0.29,0.40,0.310
07-24-1992,0.32,0.44,0.240
07-31-1992,0.22,0.47,0.310
08-05-1992,0.28,0.39,0.330
08-14-1992,0.26,0.37,0.370
08-21-1992,0.22,0.34,0.440
08-28-1992,0.30,0.37,0.330
09-04-1992,0.14,0.44,0.420
09-11-1992,0.22,0.39,0.390
09-18-1992,0.21,0.42,0.370
09-25-1992,0.25,0.34,0.410
10-02-1992,0.30,0.35,0.350
10-09-1992,0.21,0.35,0.440
10-16-1992,0.20,0.24,0.560
10-23-1992,0.21,0.32,0.470
10-30-1992,0.35,0.35,0.300
11-06-1992,0.49,0.27,0.240
11-13-1992,0.37,0.44,0.190
11-20-1992,0.48,0.38,0.140
11-25-1992,0.43,0.37,0.200
12-04-1992,0.37,0.39,0.240
12-11-1992,0.43,0.42,0.150
12-18-1992,0.63,0.27,0.100
12-24-1992,0.55,0.30,0.150
01-01-1993,0.60,0.27,0.130
01-08-1993,0.20,0.49,0.310
01-15-1993,0.54,0.32,0.140
01-22-1993,0.41,0.38,0.210
01-29-1993,0.40,0.37,0.230
02-05-1993,0.44,0.34,0.220
02-12-1993,0.47,0.31,0.220
02-19-1993,0.46,0.27,0.270
02-26-1993,0.34,0.32,0.340
03-05-1993,0.27,0.36,0.370
03-12-1993,0.45,0.33,0.220
03-19-1993,0.41,0.32,0.270
03-26-1993,0.43,0.34,0.230
04-02-1993,0.37,0.36,0.270
04-09-1993,0.32,0.39,0.290
04-16-1993,0.31,0.35,0.340
04-23-1993,0.28,0.42,0.300
04-30-1993,0.22,0.37,0.410
05-07-1993,0.21,0.45,0.340
05-14-1993,0.20,0.41,0.390
05-21-1993,0.21,0.34,0.450
05-28-1993,0.24,0.37,0.390
06-04-1993,0.33,0.39,0.280
06-11-1993,0.23,0.36,0.410
06-18-1993,0.22,0.35,0.430
06-25-1993,0.28,0.38,0.340
07-02-1993,0.18,0.44,0.380
07-09-1993,0.21,0.45,0.340
07-16-1993,0.22,0.44,0.340
07-23-1993,0.24,0.43,0.330
07-30-1993,0.25,0.45,0.300
08-06-1993,0.26,0.42,0.320
08-13-1993,0.25,0.41,0.340
08-20-1993,0.29,0.41,0.300
08-27-1993,0.27,0.35,0.380
09-03-1993,0.38,0.33,0.290
09-10-1993,0.30,0.30,0.400
09-17-1993,0.32,0.34,0.340
09-24-1993,0.28,0.40,0.320
10-01-1993,0.26,0.34,0.400
10-08-1993,0.29,0.37,0.340
10-15-1993,0.31,0.38,0.310
10-22-1993,0.42,0.30,0.280
10-29-1993,0.43,0.33,0.240
11-04-1993,0.32,0.36,0.320
11-11-1993,0.35,0.30,0.350
11-18-1993,0.34,0.31,0.350
11-24-1993,0.45,0.30,0.250
12-02-1993,0.33,0.32,0.350
12-09-1993,0.37,0.39,0.240
12-16-1993,0.33,0.38,0.290
12-23-1993,0.36,0.31,0.330
12-30-1993,0.44,0.28,0.280
01-06-1994,0.40,0.33,0.270
01-13-1994,0.38,0.31,0.310
01-20-1994,0.48,0.26,0.260
01-27-1994,0.41,0.25,0.340
02-03-1994,0.38,0.29,0.330
02-10-1994,0.49,0.27,0.240
02-17-1994,0.40,0.36,0.240
02-24-1994,0.41,0.30,0.290
03-03-1994,0.31,0.42,0.270
03-10-1994,0.29,0.34,0.370
03-17-1994,0.24,0.41,0.350
03-24-1994,0.29,0.37,0.340
03-31-1994,0.23,0.33,0.440
04-07-1994,0.28,0.31,0.410
04-14-1994,0.29,0.23,0.480
04-21-1994,0.26,0.41,0.330
04-28-1994,0.27,0.35,0.380
05-05-1994,0.32,0.32,0.360
05-12-1994,0.38,0.32,0.300
05-19-1994,0.22,0.36,0.420
05-26-1994,0.29,0.33,0.380
06-02-1994,0.39,0.36,0.250
06-09-1994,0.28,0.47,0.250
06-16-1994,0.32,0.42,0.260
06-23-1994,0.29,0.45,0.260
06-30-1994,0.32,0.37,0.310
07-07-1994,0.28,0.32,0.400
07-14-1994,0.25,0.40,0.350
07-21-1994,0.34,0.38,0.280
07-28-1994,0.27,0.42,0.310
08-04-1994,0.22,0.52,0.260
08-11-1994,0.34,0.37,0.290
08-18-1994,0.30,0.40,0.300
08-25-1994,0.32,0.39,0.290
09-01-1994,0.43,0.34,0.230
09-08-1994,0.47,0.33,0.200
09-15-1994,0.45,0.25,0.300
09-22-1994,0.37,0.36,0.270
09-29-1994,0.38,0.32,0.300
10-06-1994,0.33,0.39,0.280
10-13-1994,0.35,0.39,0.260
10-20-1994,0.39,0.33,0.280
10-27-1994,0.43,0.38,0.190
11-03-1994,0.40,0.35,0.250
11-10-1994,0.37,0.31,0.320
11-17-1994,0.39,0.22,0.390
11-23-1994,0.39,0.32,0.290
11-30-1994,0.44,0.30,0.260
12-08-1994,0.30,0.35,0.350
12-15-1994,0.33,0.35,0.320
12-22-1994,0.42,0.25,0.330
12-29-1994,0.40,0.43,0.170
01-05-1995,0.44,0.31,0.250
01-12-1995,0.36,0.42,0.220
01-19-1995,0.37,0.39,0.240
01-26-1995,0.38,0.37,0.250
02-02-1995,0.38,0.37,0.250
02-09-1995,0.34,0.43,0.230
02-16-1995,0.43,0.37,0.200
02-23-1995,0.46,0.37,0.170
03-02-1995,0.53,0.26,0.210
03-09-1995,0.48,0.34,0.180
03-16-1995,0.39,0.41,0.200
03-23-1995,0.47,0.30,0.230
03-30-1995,0.52,0.23,0.250
04-06-1995,0.42,0.25,0.330
04-13-1995,0.40,0.23,0.370
04-20-1995,0.37,0.27,0.360
04-27-1995,0.52,0.29,0.190
05-04-1995,0.42,0.27,0.310
05-11-1995,0.44,0.26,0.300
05-18-1995,0.42,0.23,0.350
05-25-1995,0.44,0.26,0.300
06-01-1995,0.39,0.34,0.270
06-08-1995,0.44,0.25,0.310
06-15-1995,0.36,0.31,0.330
06-22-1995,0.48,0.21,0.310
06-29-1995,0.35,0.28,0.370
07-06-1995,0.35,0.34,0.310
07-13-1995,0.44,0.18,0.380
07-20-1995,0.43,0.30,0.270
07-27-1995,0.41,0.26,0.330
08-03-1995,0.38,0.34,0.280
08-10-1995,0.40,0.30,0.300
08-17-1995,0.36,0.43,0.210
08-24-1995,0.35,0.28,0.370
08-31-1995,0.38,0.42,0.200
09-07-1995,0.37,0.36,0.270
09-14-1995,0.46,0.32,0.220
09-21-1995,0.46,0.25,0.290
09-28-1995,0.42,0.27,0.310
10-05-1995,0.39,0.37,0.240
10-12-1995,0.41,0.30,0.290
10-19-1995,0.47,0.32,0.210
10-26-1995,0.46,0.33,0.210
11-02-1995,0.47,0.34,0.190
11-09-1995,0.49,0.35,0.160
11-16-1995,0.46,0.31,0.230
11-22-1995,0.48,0.18,0.340
11-30-1995,0.51,0.30,0.190
12-07-1995,0.48,0.28,0.240
12-14-1995,0.51,0.23,0.260
12-21-1995,0.48,0.28,0.240
12-28-1995,0.46,0.34,0.200
01-04-1996,0.55,0.18,0.270
01-18-1996,0.42,0.29,0.290
01-25-1996,0.36,0.40,0.240
02-01-1996,0.54,0.31,0.150
02-08-1996,0.53,0.31,0.160
02-15-1996,0.54,0.21,0.250
02-22-1996,0.49,0.22,0.290
02-29-1996,0.45,0.28,0.270
03-07-1996,0.44,0.28,0.280
03-14-1996,0.36,0.35,0.290
03-21-1996,0.47,0.31,0.220
03-28-1996,0.45,0.31,0.240
04-04-1996,0.40,0.43,0.170
04-11-1996,0.40,0.42,0.180
04-18-1996,0.36,0.38,0.260
04-25-1996,0.28,0.40,0.320
05-02-1996,0.48,0.31,0.210
05-09-1996,0.46,0.38,0.160
05-16-1996,0.37,0.40,0.230
05-23-1996,0.51,0.35,0.140
05-30-1996,0.61,0.29,0.100
06-06-1996,0.47,0.28,0.250
06-13-1996,0.49,0.28,0.230
06-20-1996,0.42,0.32,0.260
06-27-1996,0.42,0.41,0.170
07-03-1996,0.32,0.44,0.240
07-11-1996,0.40,0.35,0.250
07-18-1996,0.29,0.45,0.260
07-25-1996,0.30,0.32,0.380
08-01-1996,0.29,0.38,0.330
08-08-1996,0.27,0.42,0.310
08-15-1996,0.43,0.37,0.200
08-22-1996,0.28,0.46,0.260
08-29-1996,0.28,0.43,0.290
09-05-1996,0.29,0.35,0.360
09-12-1996,0.26,0.46,0.280
09-19-1996,0.28,0.41,0.310
09-26-1996,0.34,0.39,0.270
10-03-1996,0.40,0.31,0.290
10-10-1996,0.38,0.36,0.260
10-17-1996,0.39,0.36,0.250
10-24-1996,0.42,0.33,0.250
10-31-1996,0.37,0.29,0.340
11-07-1996,0.26,0.45,0.290
11-14-1996,0.37,0.34,0.290
11-21-1996,0.43,0.30,0.270
11-27-1996,0.52,0.27,0.210
12-05-1996,0.41,0.26,0.330
12-12-1996,0.40,0.28,0.320
12-19-1996,0.33,0.28,0.390
12-26-1996,0.37,0.33,0.300
01-02-1997,0.43,0.33,0.240
01-09-1997,0.36,0.39,0.250
01-16-1997,0.42,0.32,0.260
01-23-1997,0.37,0.41,0.220
01-30-1997,0.51,0.33,0.160
02-06-1997,0.47,0.29,0.240
02-13-1997,0.45,0.37,0.180
02-20-1997,0.44,0.36,0.200
02-27-1997,0.63,0.22,0.150
03-06-1997,0.43,0.37,0.200
03-13-1997,0.34,0.36,0.300
03-20-1997,0.36,0.42,0.220
03-27-1997,0.27,0.40,0.330
04-03-1997,0.29,0.40,0.310
04-10-1997,0.26,0.37,0.370
04-17-1997,0.31,0.41,0.280
04-24-1997,0.28,0.40,0.320
05-01-1997,0.27,0.44,0.290
05-08-1997,0.30,0.44,0.260
05-15-1997,0.41,0.36,0.230
05-22-1997,0.40,0.35,0.250
05-29-1997,0.40,0.40,0.200
06-05-1997,0.52,0.33,0.150
06-12-1997,0.49,0.35,0.160
06-19-1997,0.59,0.26,0.150
06-26-1997,0.52,0.25,0.230
07-03-1997,0.45,0.30,0.250
07-10-1997,0.49,0.33,0.180
07-17-1997,0.54,0.30,0.160
07-24-1997,0.53,0.25,0.220
07-31-1997,0.48,0.26,0.260
08-07-1997,0.49,0.28,0.230
08-14-1997,0.49,0.30,0.210
08-21-1997,0.47,0.33,0.200
08-28-1997,0.50,0.28,0.220
09-04-1997,0.37,0.38,0.250
09-11-1997,0.42,0.36,0.220
09-18-1997,0.40,0.44,0.160
09-25-1997,0.39,0.42,0.190
10-02-1997,0.38,0.43,0.190
10-09-1997,0.43,0.43,0.140
10-16-1997,0.43,0.36,0.210
10-23-1997,0.40,0.46,0.140
10-30-1997,0.41,0.36,0.230
11-06-1997,0.38,0.37,0.250
11-13-1997,0.45,0.38,0.170
11-20-1997,0.40,0.38,0.220
11-26-1997,0.40,0.40,0.200
12-04-1997,0.49,0.33,0.180
12-11-1997,0.46,0.37,0.170
12-18-1997,0.40,0.41,0.190
12-24-1997,0.41,0.36,0.230
12-31-1997,0.34,0.35,0.310
01-08-1998,0.42,0.40,0.180
01-16-1998,0.38,0.45,0.170
01-23-1998,0.31,0.39,0.300
01-30-1998,0.38,0.42,0.200
02-05-1998,0.30,0.45,0.250
02-12-1998,0.45,0.36,0.190
02-19-1998,0.42,0.43,0.150
02-26-1998,0.53,0.33,0.140
03-05-1998,0.53,0.34,0.130
03-12-1998,0.44,0.36,0.200
03-19-1998,0.40,0.38,0.220
03-26-1998,0.45,0.35,0.200
04-02-1998,0.46,0.32,0.220
04-09-1998,0.41,0.36,0.230
04-16-1998,0.53,0.32,0.150
04-23-1998,0.40,0.38,0.220
04-30-1998,0.44,0.31,0.250
05-07-1998,0.43,0.34,0.230
05-14-1998,0.33,0.41,0.260
05-21-1998,0.38,0.39,0.230
05-28-1998,0.34,0.40,0.260
06-04-1998,0.25,0.44,0.310
06-11-1998,0.27,0.49,0.240
06-18-1998,0.29,0.38,0.330
06-25-1998,0.28,0.44,0.280
07-02-1998,0.33,0.48,0.190
07-09-1998,0.36,0.44,0.200
07-16-1998,0.35,0.44,0.210
07-23-1998,0.37,0.39,0.240
07-30-1998,0.44,0.36,0.200
08-06-1998,0.30,0.44,0.260
08-13-1998,0.27,0.38,0.350
08-20-1998,0.25,0.42,0.330
08-27-1998,0.23,0.32,0.450
09-03-1998,0.23,0.37,0.400
09-10-1998,0.29,0.31,0.400
09-17-1998,0.34,0.35,0.310
09-24-1998,0.34,0.38,0.280
10-01-1998,0.32,0.35,0.330
10-08-1998,0.25,0.43,0.320
10-15-1998,0.25,0.34,0.410
10-22-1998,0.32,0.35,0.330
10-29-1998,0.43,0.36,0.210
11-05-1998,0.38,0.42,0.200
11-12-1998,0.50,0.36,0.140
11-19-1998,0.40,0.42,0.180
11-25-1998,0.48,0.35,0.170
12-03-1998,0.49,0.30,0.210
12-10-1998,0.44,0.30,0.260
12-17-1998,0.41,0.34,0.250
12-23-1998,0.34,0.34,0.320
12-31-1998,0.41,0.37,0.220
01-07-1999,0.38,0.39,0.230
01-14-1999,0.51,0.28,0.210
01-21-1999,0.56,0.24,0.200
01-28-1999,0.47,0.33,0.200
02-04-1999,0.48,0.38,0.140
02-11-1999,0.48,0.35,0.170
02-18-1999,0.37,0.39,0.240
02-25-1999,0.37,0.39,0.240
03-04-1999,0.36,0.45,0.190
03-11-1999,0.37,0.42,0.210
03-18-1999,0.48,0.31,0.210
03-25-1999,0.38,0.33,0.290
04-01-1999,0.40,0.35,0.250
04-08-1999,0.36,0.38,0.260
04-15-1999,0.41,0.31,0.280
04-22-1999,0.38,0.32,0.300
04-29-1999,0.41,0.32,0.270
05-06-1999,0.54,0.32,0.140
05-13-1999,0.43,0.31,0.260
05-20-1999,0.43,0.31,0.260
05-27-1999,0.38,0.42,0.200
06-03-1999,0.32,0.36,0.320
06-10-1999,0.32,0.40,0.280
06-17-1999,0.38,0.35,0.270
06-24-1999,0.30,0.39,0.310
07-01-1999,0.35,0.38,0.270
07-08-1999,0.43,0.36,0.210
07-15-1999,0.54,0.28,0.180
07-22-1999,0.55,0.23,0.220
07-29-1999,0.42,0.38,0.200
08-05-1999,0.30,0.46,0.240
08-12-1999,0.30,0.40,0.300
08-19-1999,0.31,0.46,0.230
08-26-1999,0.35,0.40,0.250
09-02-1999,0.44,0.38,0.180
09-09-1999,0.37,0.38,0.250
09-16-1999,0.36,0.43,0.210
09-23-1999,0.36,0.36,0.280
09-30-1999,0.35,0.42,0.230
10-07-1999,0.34,0.38,0.280
10-14-1999,0.42,0.39,0.190
10-21-1999,0.38,0.37,0.250
10-28-1999,0.38,0.38,0.240
11-04-1999,0.43,0.35,0.220
11-11-1999,0.48,0.26,0.260
11-18-1999,0.46,0.32,0.220
11-24-1999,0.55,0.28,0.170
12-02-1999,0.62,0.25,0.130
12-09-1999,0.62,0.27,0.110
12-16-1999,0.54,0.26,0.200
12-23-1999,0.52,0.31,0.170
12-30-1999,0.60,0.25,0.150
01-06-2000,0.75,0.117,0.133
01-13-2000,0.593,0.222,0.185
01-20-2000,0.571,0.25,0.179
01-27-2000,0.537,0.259,0.204
02-03-2000,0.511,0.244,0.244
02-10-2000,0.419,0.302,0.279
02-17-2000,0.273,0.485,0.242
02-24-2000,0.414,0.276,0.310
03-02-2000,0.367,0.40,0.233
03-08-2000,0.583,0.25,0.167
03-16-2000,0.50,0.233,0.267
03-23-2000,0.657,0.143,0.200
03-30-2000,0.389,0.111,0.500
04-06-2000,0.458,0.333,0.208
04-13-2000,0.519,0.185,0.296
04-20-2000,0.637,0.137,0.226
04-27-2000,0.613,0.242,0.145
05-04-2000,0.348,0.304,0.348
05-11-2000,0.302,0.442,0.256
05-18-2000,0.353,0.235,0.412
05-25-2000,0.349,0.286,0.365
06-01-2000,0.417,0.208,0.375
06-08-2000,0.615,0.154,0.231
06-15-2000,0.438,0.375,0.188
06-22-2000,0.267,0.333,0.400
07-06-2000,0.561,0.281,0.159
07-13-2000,0.65,0.15,0.200
07-20-2000,0.667,0.213,0.120
07-27-2000,0.429,0.371,0.200
08-03-2000,0.413,0.348,0.239
08-10-2000,0.541,0.344,0.115
08-17-2000,0.594,0.219,0.188
08-23-2000,0.577,0.192,0.231
08-31-2000,0.559,0.265,0.177
09-07-2000,0.625,0.292,0.083
09-14-2000,0.412,0.353,0.235
09-21-2000,0.438,0.375,0.188
09-28-2000,0.533,0.40,0.067
10-05-2000,0.419,0.323,0.258
10-12-2000,0.415,0.268,0.317
10-19-2000,0.489,0.267,0.244
10-26-2000,0.641,0.18,0.180
11-02-2000,0.516,0.258,0.226
11-09-2000,0.629,0.286,0.086
11-16-2000,0.458,0.375,0.167
11-23-2000,0.365,0.27,0.365
11-30-2000,0.604,0.229,0.167
12-07-2000,0.471,0.157,0.373
12-14-2000,0.596,0.077,0.327
12-21-2000,0.311,0.178,0.511
12-28-2000,0.40,0.28,0.320
01-04-2001,0.426,0.333,0.241
01-11-2001,0.357,0.214,0.429
01-18-2001,0.366,0.39,0.244
01-25-2001,0.492,0.246,0.262
02-01-2001,0.50,0.308,0.192
02-08-2001,0.556,0.30,0.144
02-15-2001,0.304,0.478,0.217
02-22-2001,0.263,0.351,0.386
03-01-2001,0.46,0.203,0.338
03-08-2001,0.316,0.367,0.316
03-15-2001,0.309,0.327,0.364
03-22-2001,0.278,0.25,0.472
03-29-2001,0.373,0.353,0.275
04-05-2001,0.351,0.261,0.387
04-12-2001,0.303,0.288,0.409
04-19-2001,0.438,0.25,0.313
04-26-2001,0.466,0.224,0.310
05-03-2001,0.635,0.149,0.216
05-10-2001,0.533,0.289,0.178
05-17-2001,0.518,0.294,0.188
05-24-2001,0.619,0.214,0.167
05-31-2001,0.494,0.221,0.286
06-07-2001,0.426,0.319,0.255
06-14-2001,0.305,0.475,0.220
06-21-2001,0.333,0.433,0.233
06-28-2001,0.304,0.367,0.329
07-05-2001,0.407,0.407,0.185
07-12-2001,0.253,0.385,0.363
07-19-2001,0.50,0.348,0.152
07-26-2001,0.295,0.324,0.381
08-02-2001,0.364,0.273,0.364
08-09-2001,0.349,0.374,0.277
08-16-2001,0.354,0.271,0.375
08-23-2001,0.345,0.345,0.310
08-30-2001,0.314,0.457,0.229
09-06-2001,0.303,0.36,0.337
09-13-2001,0.267,0.367,0.367
09-20-2001,0.311,0.243,0.446
09-27-2001,0.511,0.267,0.222
10-04-2001,0.512,0.195,0.293
10-11-2001,0.474,0.246,0.281
10-18-2001,0.606,0.183,0.211
10-25-2001,0.559,0.265,0.177
11-01-2001,0.35,0.317,0.333
11-08-2001,0.346,0.231,0.423
11-15-2001,0.455,0.212,0.333
11-22-2001,0.583,0.167,0.250
11-29-2001,0.693,0.107,0.200
12-06-2001,0.592,0.163,0.245
12-13-2001,0.614,0.246,0.140
12-20-2001,0.525,0.213,0.262
12-27-2001,0.577,0.154,0.269
01-03-2002,0.511,0.244,0.244
01-10-2002,0.548,0.233,0.219
01-17-2002,0.296,0.409,0.296
01-24-2002,0.347,0.347,0.306
01-31-2002,0.455,0.318,0.227
02-07-2002,0.375,0.396,0.229
02-14-2002,0.452,0.387,0.161
02-21-2002,0.364,0.382,0.255
02-28-2002,0.444,0.352,0.204
03-07-2002,0.533,0.311,0.156
03-14-2002,0.565,0.29,0.145
03-21-2002,0.532,0.355,0.113
03-28-2002,0.512,0.256,0.233
04-04-2002,0.405,0.393,0.202
04-11-2002,0.282,0.385,0.333
04-18-2002,0.402,0.366,0.232
04-25-2002,0.367,0.40,0.233
05-02-2002,0.27,0.396,0.333
05-09-2002,0.303,0.29,0.408
05-16-2002,0.368,0.349,0.283
05-23-2002,0.262,0.333,0.405
05-29-2002,0.283,0.315,0.402
06-06-2002,0.328,0.279,0.393
06-13-2002,0.318,0.346,0.336
06-20-2002,0.457,0.286,0.257
06-27-2002,0.31,0.23,0.460
07-03-2002,0.266,0.266,0.469
07-11-2002,0.351,0.227,0.423
07-18-2002,0.263,0.20,0.538
07-25-2002,0.279,0.233,0.488
08-01-2002,0.342,0.342,0.316
08-08-2002,0.377,0.23,0.393
08-15-2002,0.379,0.207,0.414
08-22-2002,0.438,0.167,0.396
08-29-2002,0.50,0.21,0.290
09-05-2002,0.315,0.185,0.500
09-12-2002,0.384,0.247,0.370
09-19-2002,0.338,0.23,0.432
09-26-2002,0.245,0.284,0.471
10-03-2002,0.352,0.169,0.479
10-10-2002,0.289,0.164,0.548
10-17-2002,0.395,0.211,0.395
10-24-2002,0.446,0.217,0.337
10-31-2002,0.515,0.206,0.279
11-07-2002,0.50,0.237,0.263
11-14-2002,0.487,0.189,0.324
11-21-2002,0.506,0.281,0.214
11-28-2002,0.511,0.17,0.319
12-05-2002,0.529,0.294,0.177
12-12-2002,0.414,0.345,0.241
12-19-2002,0.429,0.271,0.300
12-26-2002,0.40,0.28,0.320
01-02-2003,0.324,0.297,0.378
01-09-2003,0.381,0.191,0.429
01-16-2003,0.292,0.417,0.292
01-23-2003,0.25,0.318,0.432
01-30-2003,0.255,0.266,0.479
02-06-2003,0.229,0.514,0.257
02-13-2003,0.219,0.40,0.381
02-20-2003,0.211,0.211,0.579
02-27-2003,0.26,0.268,0.472
03-06-2003,0.333,0.273,0.394
03-13-2003,0.343,0.143,0.514
03-20-2003,0.429,0.191,0.381
03-27-2003,0.394,0.279,0.327
04-03-2003,0.324,0.294,0.382
04-10-2003,0.385,0.308,0.308
04-17-2003,0.463,0.222,0.315
04-24-2003,0.63,0.18,0.190
05-01-2003,0.486,0.257,0.257
05-08-2003,0.528,0.288,0.184
05-15-2003,0.628,0.209,0.163
05-22-2003,0.385,0.26,0.356
05-29-2003,0.629,0.229,0.143
06-05-2003,0.52,0.288,0.192
06-12-2003,0.50,0.208,0.292
06-19-2003,0.564,0.077,0.359
06-26-2003,0.714,0.20,0.086
07-03-2003,0.412,0.235,0.353
07-10-2003,0.432,0.257,0.311
07-17-2003,0.513,0.202,0.286
07-24-2003,0.52,0.173,0.307
07-31-2003,0.515,0.323,0.162
08-07-2003,0.455,0.221,0.325
08-14-2003,0.506,0.258,0.236
08-21-2003,0.63,0.185,0.185
08-28-2003,0.567,0.206,0.227
09-04-2003,0.623,0.213,0.164
09-11-2003,0.581,0.244,0.174
09-18-2003,0.628,0.177,0.196
09-25-2003,0.573,0.204,0.223
10-02-2003,0.50,0.214,0.286
10-09-2003,0.576,0.192,0.232
10-16-2003,0.603,0.259,0.138
10-23-2003,0.528,0.306,0.167
10-30-2003,0.578,0.234,0.188
11-06-2003,0.576,0.258,0.167
11-13-2003,0.533,0.322,0.144
11-20-2003,0.532,0.258,0.210
11-27-2003,0.604,0.189,0.208
12-04-2003,0.694,0.162,0.144
12-11-2003,0.553,0.237,0.211
12-18-2003,0.602,0.204,0.194
12-26-2003,0.655,0.172,0.172
01-01-2004,0.624,0.241,0.135
01-08-2004,0.672,0.149,0.179
01-15-2004,0.663,0.236,0.101
01-22-2004,0.695,0.171,0.134
01-29-2004,0.569,0.281,0.150
02-05-2004,0.509,0.273,0.218
02-12-2004,0.561,0.293,0.146
02-19-2004,0.565,0.226,0.210
02-26-2004,0.416,0.279,0.305
03-04-2004,0.478,0.391,0.130
03-11-2004,0.413,0.252,0.336
03-18-2004,0.386,0.351,0.263
03-25-2004,0.315,0.259,0.426
04-01-2004,0.552,0.224,0.224
04-08-2004,0.588,0.21,0.203
04-15-2004,0.638,0.225,0.138
04-22-2004,0.50,0.275,0.225
04-29-2004,0.50,0.288,0.212
05-06-2004,0.39,0.339,0.271
05-13-2004,0.329,0.237,0.434
05-20-2004,0.367,0.233,0.400
05-27-2004,0.361,0.236,0.403
06-03-2004,0.333,0.405,0.262
06-10-2004,0.553,0.29,0.158
06-17-2004,0.414,0.305,0.281
06-24-2004,0.564,0.205,0.231
07-01-2004,0.57,0.273,0.158
07-08-2004,0.551,0.235,0.214
07-15-2004,0.474,0.29,0.237
07-22-2004,0.357,0.405,0.238
07-29-2004,0.34,0.30,0.360
08-05-2004,0.31,0.352,0.338
08-12-2004,0.386,0.214,0.400
08-19-2004,0.349,0.302,0.349
08-26-2004,0.415,0.331,0.254
09-02-2004,0.415,0.302,0.283
09-09-2004,0.505,0.257,0.238
09-16-2004,0.455,0.227,0.318
09-23-2004,0.512,0.22,0.268
09-30-2004,0.411,0.196,0.393
10-07-2004,0.569,0.234,0.197
10-14-2004,0.447,0.271,0.282
10-21-2004,0.425,0.288,0.288
10-28-2004,0.423,0.26,0.317
11-04-2004,0.571,0.20,0.229
11-11-2004,0.625,0.159,0.216
11-18-2004,0.641,0.135,0.224
11-24-2004,0.495,0.237,0.268
12-02-2004,0.568,0.178,0.254
12-09-2004,0.514,0.234,0.252
12-16-2004,0.525,0.283,0.192
12-23-2004,0.602,0.216,0.182
12-30-2004,0.577,0.248,0.175
01-06-2005,0.381,0.274,0.345
01-13-2005,0.34,0.261,0.399
01-20-2005,0.337,0.327,0.337
01-27-2005,0.264,0.371,0.364
02-03-2005,0.417,0.333,0.250
02-10-2005,0.438,0.333,0.229
02-17-2005,0.364,0.338,0.299
02-24-2005,0.318,0.364,0.318
03-03-2005,0.395,0.333,0.272
03-10-2005,0.497,0.255,0.248
03-17-2005,0.325,0.351,0.325
03-24-2005,0.232,0.348,0.419
03-31-2005,0.284,0.206,0.510
04-07-2005,0.277,0.284,0.439
04-14-2005,0.165,0.418,0.418
04-21-2005,0.368,0.303,0.329
04-28-2005,0.298,0.355,0.347
05-05-2005,0.286,0.265,0.449
05-12-2005,0.305,0.331,0.364
05-19-2005,0.389,0.324,0.287
05-26-2005,0.441,0.324,0.234
06-02-2005,0.486,0.319,0.194
06-09-2005,0.46,0.345,0.195
06-16-2005,0.481,0.331,0.188
06-23-2005,0.466,0.352,0.182
06-30-2005,0.459,0.247,0.295
07-07-2005,0.43,0.366,0.204
07-14-2005,0.579,0.281,0.140
07-21-2005,0.412,0.314,0.275
07-28-2005,0.575,0.248,0.177
08-04-2005,0.478,0.261,0.261
08-11-2005,0.397,0.314,0.289
08-18-2005,0.293,0.303,0.404
08-25-2005,0.361,0.325,0.313
09-01-2005,0.318,0.306,0.377
09-08-2005,0.423,0.25,0.327
09-15-2005,0.514,0.20,0.286
09-22-2005,0.395,0.281,0.325
09-29-2005,0.319,0.29,0.391
10-06-2005,0.50,0.226,0.274
10-13-2005,0.39,0.13,0.481
10-20-2005,0.431,0.21,0.359
10-27-2005,0.321,0.218,0.462
11-03-2005,0.43,0.295,0.276
11-10-2005,0.586,0.184,0.230
11-17-2005,0.536,0.246,0.218
11-24-2005,0.573,0.267,0.160
12-01-2005,0.525,0.241,0.235
12-08-2005,0.495,0.316,0.190
12-15-2005,0.462,0.317,0.221
12-22-2005,0.41,0.308,0.282
12-29-2005,0.373,0.262,0.365
01-05-2006,0.294,0.304,0.402
01-12-2006,0.59,0.22,0.191
01-19-2006,0.50,0.242,0.258
01-26-2006,0.308,0.359,0.333
02-02-2006,0.447,0.22,0.333
02-09-2006,0.402,0.252,0.346
02-16-2006,0.402,0.241,0.357
02-23-2006,0.432,0.284,0.284
03-02-2006,0.409,0.299,0.291
03-09-2006,0.412,0.28,0.308
03-16-2006,0.466,0.207,0.328
03-23-2006,0.438,0.288,0.275
03-30-2006,0.372,0.302,0.326
04-06-2006,0.477,0.291,0.233
04-13-2006,0.454,0.268,0.278
04-20-2006,0.337,0.254,0.408
04-27-2006,0.421,0.219,0.360
05-04-2006,0.459,0.206,0.336
05-11-2006,0.549,0.177,0.275
05-18-2006,0.394,0.17,0.436
05-25-2006,0.33,0.214,0.455
06-01-2006,0.308,0.192,0.500
06-08-2006,0.262,0.287,0.451
06-15-2006,0.264,0.186,0.550
06-22-2006,0.344,0.24,0.416
06-29-2006,0.386,0.216,0.398
07-06-2006,0.377,0.197,0.426
07-13-2006,0.365,0.241,0.394
07-20-2006,0.239,0.184,0.578
07-27-2006,0.349,0.221,0.430
08-03-2006,0.315,0.214,0.472
08-10-2006,0.366,0.22,0.415
08-17-2006,0.305,0.337,0.358
08-24-2006,0.394,0.232,0.374
08-31-2006,0.416,0.326,0.258
09-07-2006,0.43,0.271,0.299
09-14-2006,0.48,0.137,0.384
09-21-2006,0.478,0.18,0.342
09-28-2006,0.513,0.158,0.329
10-05-2006,0.378,0.156,0.467
10-12-2006,0.49,0.133,0.378
10-19-2006,0.542,0.16,0.298
10-26-2006,0.522,0.174,0.304
11-02-2006,0.438,0.194,0.369
11-09-2006,0.506,0.229,0.265
11-16-2006,0.466,0.229,0.305
11-23-2006,0.419,0.161,0.419
11-30-2006,0.402,0.123,0.475
12-07-2006,0.389,0.195,0.416
12-14-2006,0.413,0.207,0.380
12-21-2006,0.391,0.184,0.425
12-28-2006,0.46,0.18,0.360
01-04-2007,0.491,0.216,0.293
01-11-2007,0.444,0.213,0.343
01-18-2007,0.578,0.152,0.273
01-25-2007,0.395,0.272,0.333
02-01-2007,0.463,0.232,0.305
02-08-2007,0.462,0.239,0.300
02-15-2007,0.476,0.214,0.311
02-22-2007,0.539,0.239,0.223
03-01-2007,0.366,0.238,0.396
03-08-2007,0.358,0.193,0.449
03-15-2007,0.33,0.217,0.454
03-22-2007,0.439,0.23,0.331
03-29-2007,0.427,0.317,0.256
04-05-2007,0.323,0.28,0.398
04-12-2007,0.409,0.211,0.380
04-19-2007,0.469,0.235,0.296
04-26-2007,0.392,0.228,0.380
05-03-2007,0.286,0.171,0.543
05-10-2007,0.429,0.143,0.429
05-17-2007,0.384,0.25,0.366
05-24-2007,0.374,0.241,0.386
05-31-2007,0.333,0.219,0.448
06-07-2007,0.406,0.168,0.426
06-14-2007,0.373,0.191,0.437
06-21-2007,0.432,0.232,0.337
06-28-2007,0.39,0.252,0.358
07-05-2007,0.438,0.233,0.329
07-12-2007,0.436,0.264,0.300
07-19-2007,0.418,0.215,0.367
07-26-2007,0.442,0.19,0.368
08-02-2007,0.459,0.141,0.400
08-09-2007,0.458,0.153,0.390
08-16-2007,0.422,0.122,0.456
08-23-2007,0.413,0.156,0.431
08-30-2007,0.403,0.134,0.463
09-06-2007,0.384,0.192,0.424
09-13-2007,0.40,0.247,0.353
09-20-2007,0.392,0.291,0.317
09-27-2007,0.494,0.165,0.342
10-04-2007,0.518,0.229,0.253
10-11-2007,0.546,0.196,0.258
10-18-2007,0.42,0.223,0.357
10-25-2007,0.313,0.205,0.482
11-01-2007,0.447,0.188,0.365
11-08-2007,0.362,0.124,0.514
11-15-2007,0.33,0.175,0.495
11-22-2007,0.256,0.217,0.527
11-29-2007,0.286,0.153,0.561
12-06-2007,0.407,0.195,0.398
12-13-2007,0.476,0.167,0.357
12-20-2007,0.359,0.17,0.472
12-27-2007,0.30,0.20,0.500
01-03-2008,0.257,0.191,0.552
01-10-2008,0.196,0.215,0.589
01-17-2008,0.243,0.213,0.544
01-24-2008,0.251,0.159,0.590
01-31-2008,0.301,0.211,0.489
02-07-2008,0.341,0.187,0.472
02-14-2008,0.333,0.248,0.419
02-21-2008,0.332,0.221,0.447
02-28-2008,0.343,0.204,0.453
03-06-2008,0.22,0.264,0.517
03-13-2008,0.204,0.204,0.592
03-20-2008,0.252,0.205,0.543
03-27-2008,0.416,0.248,0.336
04-03-2008,0.367,0.239,0.394
04-10-2008,0.458,0.17,0.373
04-17-2008,0.304,0.209,0.487
04-24-2008,0.467,0.258,0.275
05-01-2008,0.533,0.204,0.263
05-08-2008,0.528,0.225,0.247
05-15-2008,0.452,0.252,0.297
05-22-2008,0.463,0.194,0.343
05-29-2008,0.314,0.229,0.458
06-05-2008,0.435,0.185,0.380
06-12-2008,0.313,0.152,0.536
06-19-2008,0.33,0.213,0.457
06-26-2008,0.313,0.165,0.523
07-03-2008,0.239,0.239,0.521
07-10-2008,0.222,0.227,0.552
07-17-2008,0.25,0.169,0.581
07-24-2008,0.358,0.201,0.440
07-31-2008,0.40,0.188,0.412
08-07-2008,0.356,0.22,0.424
08-14-2008,0.429,0.182,0.390
08-21-2008,0.381,0.246,0.373
08-28-2008,0.307,0.239,0.455
09-04-2008,0.37,0.198,0.432
09-11-2008,0.293,0.159,0.549
09-18-2008,0.272,0.184,0.544
09-25-2008,0.34,0.202,0.457
10-02-2008,0.333,0.117,0.550
10-09-2008,0.315,0.077,0.608
10-16-2008,0.409,0.193,0.398
10-23-2008,0.387,0.225,0.387
10-30-2008,0.371,0.223,0.406
11-06-2008,0.448,0.218,0.333
11-13-2008,0.383,0.192,0.425
11-20-2008,0.244,0.185,0.571
11-27-2008,0.313,0.239,0.449
12-04-2008,0.267,0.256,0.478
12-11-2008,0.375,0.227,0.398
12-18-2008,0.397,0.247,0.356
12-25-2008,0.29,0.272,0.439
01-01-2009,0.24,0.213,0.547
01-08-2009,0.487,0.162,0.351
01-15-2009,0.276,0.25,0.474
01-22-2009,0.272,0.265,0.463
01-29-2009,0.253,0.275,0.473
02-05-2009,0.246,0.313,0.440
02-12-2009,0.329,0.279,0.392
02-19-2009,0.216,0.216,0.567
02-26-2009,0.243,0.206,0.551
03-05-2009,0.189,0.108,0.703
03-12-2009,0.276,0.179,0.545
03-19-2009,0.451,0.167,0.383
03-26-2009,0.391,0.185,0.424
04-02-2009,0.427,0.203,0.371
04-09-2009,0.357,0.20,0.443
04-16-2009,0.441,0.20,0.359
04-23-2009,0.318,0.296,0.386
04-30-2009,0.361,0.203,0.436
05-07-2009,0.441,0.226,0.333
05-14-2009,0.438,0.21,0.352
05-21-2009,0.337,0.209,0.454
05-28-2009,0.404,0.11,0.486
06-04-2009,0.476,0.159,0.366
06-11-2009,0.393,0.215,0.393
06-18-2009,0.333,0.202,0.464
06-25-2009,0.28,0.232,0.488
07-02-2009,0.378,0.176,0.446
07-09-2009,0.279,0.174,0.547
07-16-2009,0.287,0.243,0.471
07-23-2009,0.376,0.20,0.424
07-30-2009,0.477,0.209,0.314
08-06-2009,0.50,0.148,0.352
08-13-2009,0.51,0.16,0.330
08-20-2009,0.341,0.259,0.400
08-27-2009,0.34,0.175,0.485
09-03-2009,0.38,0.241,0.380
09-10-2009,0.373,0.187,0.440
09-17-2009,0.421,0.179,0.400
09-24-2009,0.391,0.164,0.446
10-01-2009,0.436,0.21,0.355
10-08-2009,0.351,0.237,0.412
10-15-2009,0.473,0.189,0.338
10-22-2009,0.405,0.238,0.357
10-29-2009,0.337,0.24,0.423
11-05-2009,0.222,0.222,0.556
11-12-2009,0.386,0.228,0.386
11-19-2009,0.427,0.255,0.318
11-26-2009,0.417,0.167,0.417
12-03-2009,0.416,0.248,0.337
12-10-2009,0.427,0.22,0.354
12-17-2009,0.421,0.295,0.284
12-24-2009,0.377,0.246,0.377
12-31-2009,0.492,0.279,0.230
01-07-2010,0.41,0.33,0.260
01-14-2010,0.474,0.256,0.269
01-21-2010,0.40,0.253,0.347
01-28-2010,0.35,0.283,0.367
02-04-2010,0.292,0.277,0.431
02-11-2010,0.368,0.214,0.419
02-18-2010,0.359,0.289,0.352
02-25-2010,0.349,0.356,0.295
03-04-2010,0.359,0.379,0.262
03-11-2010,0.453,0.294,0.253
03-18-2010,0.354,0.348,0.299
03-25-2010,0.324,0.33,0.347
04-01-2010,0.413,0.275,0.312
04-08-2010,0.429,0.268,0.304
04-15-2010,0.485,0.218,0.297
04-22-2010,0.381,0.276,0.343
04-29-2010,0.414,0.30,0.286
05-06-2010,0.391,0.323,0.286
05-13-2010,0.366,0.268,0.366
05-20-2010,0.413,0.25,0.337
05-27-2010,0.298,0.193,0.509
06-03-2010,0.371,0.221,0.409
06-10-2010,0.345,0.224,0.431
06-17-2010,0.425,0.269,0.307
06-24-2010,0.345,0.331,0.324
07-01-2010,0.247,0.333,0.420
07-08-2010,0.209,0.22,0.571
07-15-2010,0.394,0.228,0.378
07-22-2010,0.322,0.228,0.450
07-29-2010,0.40,0.267,0.333
08-05-2010,0.304,0.314,0.382
08-12-2010,0.398,0.301,0.301
08-19-2010,0.301,0.274,0.425
08-26-2010,0.207,0.298,0.495
09-02-2010,0.308,0.27,0.422
09-09-2010,0.439,0.245,0.316
09-16-2010,0.509,0.249,0.243
09-23-2010,0.45,0.296,0.254
09-30-2010,0.425,0.259,0.316
10-07-2010,0.49,0.232,0.277
10-14-2010,0.471,0.261,0.268
10-21-2010,0.496,0.252,0.252
10-28-2010,0.512,0.272,0.216
11-04-2010,0.482,0.22,0.298
11-11-2010,0.576,0.14,0.285
11-18-2010,0.40,0.275,0.325
11-25-2010,0.474,0.279,0.247
12-02-2010,0.497,0.241,0.262
12-09-2010,0.531,0.244,0.226
12-16-2010,0.502,0.226,0.272
12-23-2010,0.633,0.203,0.164
12-30-2010,0.516,0.283,0.201
01-06-2011,0.559,0.259,0.183
01-13-2011,0.523,0.242,0.234
01-20-2011,0.508,0.202,0.291
01-27-2011,0.42,0.237,0.343
02-03-2011,0.515,0.216,0.269
02-10-2011,0.494,0.237,0.269
02-17-2011,0.466,0.279,0.256
02-24-2011,0.366,0.272,0.361
03-03-2011,0.368,0.301,0.332
03-10-2011,0.36,0.317,0.323
03-17-2011,0.285,0.314,0.401
03-24-2011,0.377,0.273,0.350
03-31-2011,0.418,0.271,0.311
04-07-2011,0.436,0.276,0.289
04-14-2011,0.423,0.268,0.310
04-21-2011,0.322,0.368,0.310
04-28-2011,0.379,0.315,0.307
05-05-2011,0.355,0.327,0.319
05-12-2011,0.308,0.337,0.355
05-19-2011,0.267,0.32,0.413
05-26-2011,0.256,0.33,0.414
06-02-2011,0.302,0.364,0.334
06-09-2011,0.244,0.279,0.477
06-16-2011,0.29,0.283,0.428
06-23-2011,0.375,0.268,0.357
06-30-2011,0.383,0.315,0.302
07-07-2011,0.418,0.335,0.247
07-14-2011,0.393,0.315,0.293
07-21-2011,0.399,0.295,0.306
07-28-2011,0.378,0.307,0.314
08-04-2011,0.272,0.23,0.499
08-11-2011,0.334,0.218,0.448
08-18-2011,0.356,0.246,0.398
08-25-2011,0.364,0.226,0.410
09-01-2011,0.386,0.29,0.323
09-08-2011,0.302,0.295,0.403
09-15-2011,0.305,0.282,0.414
09-22-2011,0.253,0.267,0.480
09-29-2011,0.325,0.207,0.468
10-06-2011,0.352,0.19,0.457
10-13-2011,0.398,0.239,0.364
10-20-2011,0.36,0.294,0.346
10-27-2011,0.43,0.32,0.250
11-03-2011,0.402,0.302,0.296
11-10-2011,0.447,0.307,0.246
11-17-2011,0.419,0.27,0.310
11-24-2011,0.327,0.29,0.383
12-01-2011,0.33,0.275,0.394
12-08-2011,0.386,0.267,0.348
12-15-2011,0.402,0.262,0.336
12-22-2011,0.337,0.38,0.282
12-29-2011,0.406,0.286,0.308
01-04-2012,0.489,0.34,0.172
01-11-2012,0.491,0.337,0.172
01-18-2012,0.4723,0.2915,0.2362
01-25-2012,0.484,0.3269,0.1891
02-01-2012,0.438,0.3119,0.2510
02-08-2012,0.516,0.282,0.2020
02-15-2012,0.427,0.307,0.2660
02-22-2012,0.437,0.288,0.2750
02-29-2012,0.445,0.287,0.2680
03-07-2012,0.424,0.286,0.2900
03-14-2012,0.456,0.272,0.2720
03-21-2012,0.424,0.298,0.2780
03-28-2012,0.425,0.320,0.2550
04-05-2012,0.3817,0.3402,0.2780
04-12-2012,0.2814,0.303,0.4156
04-18-2012,0.312,0.350,0.3380
04-25-2012,0.276,0.350,0.3740
05-02-2012,0.354,0.361,0.2850
05-09-2012,0.254,0.325,0.4210
05-16-2012,0.236,0.304,0.4600
05-23-2012,0.305,0.309,0.3870
05-30-2012,0.280,0.300,0.4200
06-06-2012,0.275,0.268,0.4580
06-13-2012,0.3404,0.3018,0.3579
06-20-2012,0.3289,0.3123,0.3588
06-27-2012,0.287,0.270,0.4444
07-05-2012,0.3264,0.3403,0.3333
07-11-2012,0.3023,0.3505,0.3473
07-18-2012,0.222,0.360,0.4180
07-25-2012,0.281,0.288,0.4310
08-02-2012,0.3045,0.3463,0.3493
08-09-2012,0.3647,0.3618,0.2735
08-16-2012,0.368,0.351,0.2810
08-22-2012,0.420,0.322,0.2590
08-29-2012,0.347,0.326,0.3260
09-05-2012,0.331,0.339,0.3310
09-12-2012,0.365,0.306,0.3300
09-19-2012,0.375,0.287,0.3380
09-26-2012,0.361,0.274,0.3650
10-03-2012,0.339,0.329,0.3320
10-10-2012,0.306,0.306,0.3880
10-17-2012,0.287,0.268,0.4450
10-24-2012,0.292,0.277,0.4310
10-31-2012,0.357,0.233,0.4100
11-07-2012,0.385,0.216,0.3990
11-14-2012,0.288,0.224,0.4880
11-21-2012,0.358,0.234,0.4080
11-28-2012,0.409,0.247,0.3440
12-05-2012,0.422,0.232,0.3460
12-13-2012,0.4323,0.2669,0.3008
12-20-2012,0.464,0.288,0.2480
12-27-2012,0.444,0.2537,0.3022
01-03-2013,0.387,0.251,0.362
01-10-2013,0.4645,0.2663,0.2692
01-17-2013,0.439,0.287,0.273
01-24-2013,0.523,0.234,0.243
01-31-2013,0.480,0.277,0.243
02-06-2013,0.428,0.277,0.296
02-13-2013,0.423,0.290,0.287
02-20-2013,0.418,0.257,0.325
02-27-2013,0.284,0.350,0.366
03-06-2013,0.311,0.304,0.385
03-13-2013,0.454,0.225,0.320
03-20-2013,0.389,0.277,0.333
03-27-2013,0.384,0.330,0.287
04-03-2013,0.355,0.363,0.282
04-10-2013,0.193,0.262,0.545
04-17-2013,0.268,0.249,0.482
04-24-2013,0.283,0.329,0.388
05-01-2013,0.310,0.330,0.359
05-08-2013,0.408,0.318,0.274
05-15-2013,0.380,0.322,0.293
05-22-2013,0.490,0.294,0.216
05-29-2013,0.360,0.344,0.296
06-05-2013,0.295,0.316,0.390
06-12-2013,0.330,0.324,0.346
06-19-2013,0.374,0.326,0.300
06-26-2013,0.303,0.346,0.352
07-03-2013,0.420,0.342,0.238
07-10-2013,0.489,0.328,0.183
07-17-2013,0.477,0.310,0.212
07-24-2013,0.451,0.323,0.227
07-31-2013,0.356,0.394,0.250
08-07-2013,0.395,0.339,0.267
08-14-2013,0.345,0.373,0.282
08-21-2013,0.290,0.282,0.429
08-28-2013,0.335,0.357,0.306
09-04-2013,0.355,0.332,0.313
09-11-2013,0.455,0.299,0.246
09-18-2013,0.451,0.252,0.297
09-26-2013,0.3605,0.3333,0.3061
10-03-2013,0.3784,0.3209,0.3007
10-10-2013,0.4133,0.2509,0.3358
10-17-2013,0.4628,0.2880,0.2492
10-24-2013,0.4920,0.3323,0.1757
10-31-2013,0.4497,0.3356,0.2148
11-07-2013,0.4548,0.3271,0.2181
11-14-2013,0.3920,0.3333,0.2747
11-21-2013,0.3439,0.3613,0.2948
11-28-2013,0.4730,0.2444,0.2825
12-05-2013,0.4264,0.2981,0.2755
12-12-2013,0.4127,0.3373,0.2500
12-19-2013,0.4746,0.2746,0.2508
12-26-2013,0.5506,0.2640,0.1854
01-02-2014,0.4309,0.2764,0.2927
01-09-2014,0.4362,0.3138,0.2500
01-16-2014,0.3899,0.3952,0.2149
01-23-2014,0.3812,0.3812,0.2376
01-30-2014,0.3218,0.3506,0.3276
02-06-2014,0.2790,0.3570,0.3641
02-13-2014,0.4015,0.3251,0.2734
02-20-2014,0.4220,0.3500,0.2280
02-27-2014,0.3969,0.3918,0.2113
03-06-2014,0.4051,0.3286,0.2663
03-13-2014,0.4134,0.3184,0.2682
03-20-2014,0.3678,0.3707,0.2615
03-27-2014,0.3116,0.4023,0.2861
04-03-2014,0.3536,0.3786,0.2679
04-10-2014,0.2848,0.3742,0.3411
04-17-2014,0.2722,0.3853,0.3425
04-24-2014,0.3450,0.3947,0.2602
05-01-2014,0.2977,0.4078,0.2945
05-08-2014,0.2834,0.4299,0.2866
05-15-2014,0.3312,0.4427,0.2261
05-22-2014,0.3043,0.4317,0.2640
05-29-2014,0.3646,0.4033,0.2320
06-05-2014,0.3951,0.3827,0.2222
06-12-2014,0.4469,0.3406,0.2125
06-19-2014,0.3517,0.4070,0.2413
06-26-2014,0.3722,0.4169,0.2109
07-03-2014,0.3851,0.3910,0.2239
07-10-2014,0.3764,0.3371,0.2865
07-17-2014,0.3236,0.3916,0.2848
07-24-2014,0.2963,0.4043,0.2994
07-31-2014,0.3112,0.3776,0.3112
08-07-2014,0.3089,0.3089,0.3823
08-14-2014,0.3981,0.3323,0.2696
08-21-2014,0.4611,0.3024,0.2365
08-28-2014,0.5192,0.2885,0.1923
09-04-2014,0.4467,0.3136,0.2396
09-11-2014,0.4038,0.3301,0.2660
09-18-2014,0.4224,0.3478,0.2298
09-25-2014,0.4184,0.2993,0.2823
10-02-2014,0.3542,0.3368,0.3090
10-09-2014,0.3988,0.2914,0.3098
10-16-2014,0.4266,0.2364,0.3370
10-23-2014,0.4969,0.2781,0.2250
10-30-2014,0.4937,0.2956,0.2107
11-06-2014,0.5269,0.3226,0.1505
11-13-2014,0.5793,0.2276,0.1931
11-20-2014,0.4912,0.2706,0.2382
11-27-2014,0.5215,0.2706,0.2079
12-04-2014,0.4268,0.3138,0.2594
12-11-2014,0.4502,0.3265,0.2234
12-18-2014,0.3874,0.3439,0.2688
12-25-2014,0.5094,0.3019,0.1887
01-01-2015,0.5174,0.2896,0.1931
01-08-2015,0.4101,0.3130,0.2770
01-15-2015,0.4611,0.3240,0.2150
01-22-2015,0.3714,0.3206,0.3079
01-29-2015,0.4417,0.3344,0.2239
02-05-2015,0.3549,0.3208,0.3242
02-12-2015,0.4000,0.3967,0.2033
02-19-2015,0.4702,0.3510,0.1788
02-26-2015,0.4537,0.3433,0.2030
03-05-2015,0.3980,0.3684,0.2336
03-12-2015,0.3160,0.4300,0.2541
03-19-2015,0.2716,0.4136,0.3148
03-26-2015,0.3843,0.3719,0.2438
04-02-2015,0.3540,0.3265,0.3196
04-09-2015,0.2870,0.4715,0.2415
04-16-2015,0.3207,0.4515,0.2278
04-23-2015,0.3147,0.4534,0.2319
04-30-2015,0.3084,0.4721,0.2195
05-07-2015,0.2706,0.4610,0.2684
05-14-2015,0.2674,0.4690,0.2636
05-21-2015,0.2521,0.4979,0.2500
